1,Aliye,5498521625,Kız,30,aliye@gmail.com,1234
2,berfin kuzu,5498521625,Kız,26,berfin@gmail.com,1234
3,Kazım Türk,5498521625,Erkek,21,kazım@gmail.com,1234
4,Tülay Tun,5498521625,Kız,21,tulay@gmail.com,1234
5,Burak Kut,5498521625,Erkek,25,burak@gmail.com,1234
6,Veli,5489631245,Erkek,30,veli@gmail.com,12347
7,Hülya ,5498521625,Kız,26,hulya@gmail.com,1234
8,can,5498521625,Erkek,21,can@gmail.com,1234
9,volkan,5421727115,Erkek,21,volkan@gmail.com,1234 
10,aras,5321727115,erkek,34,aras@gmail.com,1234
11,Ömer Halis,5498521625,Erkek,30,omer@gmail.com,1234
12,Elif Tam,5346784523,Kadın,45,elif@gmail.com,1234
